2008,9,16,2,1147,913,1226,957,AS,65,N776AS,39,44,26,149,154,KTN,WRG,82,4,9,0,,0,4,0,0,0,145
2008,9,16,2,NA,830,NA,1050,AS,308,N760AS,NA,140,NA,NA,NA,SEA,SFO,679,NA,NA,1,A,0,NA,NA,NA,NA,NA
2008,9,16,2,2120,2125,2341,20,AS,127,N317AS,201,235,183,-39,-5,SEA,FAI,1533,3,15,0,,0,NA,NA,NA,NA,NA
2008,9,16,2,54,50,532,525,AS,30,N563AS,218,215,201,7,4,ANC,PDX,1542,5,12,0,,0,NA,NA,NA,NA,NA
2008,9,16,2,1157,1158,1311,1335,AS,75,N562AS,134,157,117,-24,-1,SEA,JNU,909,4,13,0,,0,NA,NA,NA,NA,NA
2008,9,16,2,1552,1555,1732,1741,AS,367,N786AS,100,106,80,-9,-3,SMF,SEA,605,5,15,0,,0,NA,NA,NA,NA,NA
2008,9,16,2,830,830,1252,1250,AS,80,N560AS,202,200,186,2,0,ANC,SEA,1449,5,11,0,,0,NA,NA,NA,NA,NA
2008,9,16,2,1216,1220,1341,1419,AS,671,N596AS,145,179,132,-38,-4,DEN,SEA,1024,4,9,0,,0,NA,NA,NA,NA,NA
2008,9,16,2,1853,1855,2059,2116,AS,569,N592AS,126,141,108,-17,-2,LAX,PDX,834,5,13,0,,0,NA,NA,NA,NA,NA
2008,9,16,2,2027,2050,2114,2150,AS,69,N796AS,47,60,37,-36,-23,KTN,JNU,234,3,7,0,,0,NA,NA,NA,NA,NA
2008,9,16,2,722,725,924,911,AS,366,N786AS,122,106,90,13,-3,SEA,SMF,605,3,29,0,,0,NA,NA,NA,NA,NA
2008,9,16,2,735,740,1035,1055,AS,11,N594AS,360,375,331,-20,-5,EWR,SEA,2401,3,26,0,,0,NA,NA,NA,NA,NA
2008,9,16,2,1059,1106,1255,1259,AS,55,N762AS,116,113,110,-4,-7,BRW,ANC,725,3,3,0,,0,NA,NA,NA,NA,NA
2008,9,16,2,1355,1355,2158,2154,AS,2,N556AS,303,299,278,4,0,SEA,DCA,2329,4,21,0,,0,NA,NA,NA,NA,NA
2008,9,16,2,1405,1400,1645,1643,AS,652,N706AS,160,163,144,2,5,PDX,PHX,1009,4,12,0,,0,NA,NA,NA,NA,NA
2008,9,16,2,1523,1530,1747,1809,AS,465,N796AS,144,159,127,-22,-7,LAX,SEA,954,5,12,0,,0,NA,NA,NA,NA,NA
2008,9,16,2,626,630,834,843,AS,333,N788AS,128,133,99,-9,-4,SJC,SEA,697,13,16,0,,0,NA,NA,NA,NA,NA
2008,9,16,2,1929,1930,2351,2340,AS,102,N626AS,202,190,187,11,-1,ANC,SEA,1449,7,8,0,,0,NA,NA,NA,NA,NA
2008,9,16,2,1230,1230,1506,1520,AS,483,N703AS,156,170,140,-14,0,SAN,SEA,1050,5,11,0,,0,NA,NA,NA,NA,NA
2008,9,16,2,827,830,1111,1113,AS,451,N769AS,164,163,129,-2,-3,LAX,SEA,954,11,24,0,,0,NA,NA,NA,NA,NA
2008,9,16,2,1654,1705,1803,1807,AS,190,N626AS,69,62,48,-4,-11,FAI,ANC,261,12,9,0,,0,NA,NA,NA,NA,NA
2008,9,16,2,1326,1330,1602,1620,AS,461,N774AS,156,170,125,-18,-4,LAX,SEA,954,4,27,0,,0,NA,NA,NA,NA,NA
2008,9,16,2,642,650,905,917,AS,244,N597AS,143,147,116,-12,-8,PDX,LAX,834,10,17,0,,0,NA,NA,NA,NA,NA
2008,9,16,2,2017,2030,2205,2233,AS,221,N577AS,108,123,91,-28,-13,SFO,SEA,679,4,13,0,,0,NA,NA,NA,NA,NA
2008,9,16,2,2016,1954,2149,2130,AS,79,N785AS,153,156,125,19,22,SEA,JNU,909,6,22,0,,0,0,0,0,0,19
2008,9,16,2,1732,1735,1955,2017,AS,3,N586AS,323,342,307,-22,-3,DCA,SEA,2329,7,9,0,,0,NA,NA,NA,NA,NA
2008,9,16,2,1849,1845,1956,2003,AS,45,N762AS,67,78,56,-7,4,ANC,BET,399,3,8,0,,0,NA,NA,NA,NA,NA
2008,9,16,2,1753,1805,2009,2040,AS,577,N614AS,136,155,118,-31,-12,SAN,PDX,933,5,13,0,,0,NA,NA,NA,NA,NA
2008,9,16,2,738,740,1044,1042,AS,648,N780AS,186,182,160,2,-2,SEA,TUS,1216,4,22,0,,0,NA,NA,NA,NA,NA
2008,9,16,2,1655,1700,1933,1942,AS,474,N774AS,158,162,139,-9,-5,SEA,LAX,954,3,16,0,,0,NA,NA,NA,NA,NA
2008,9,16,2,1956,2005,2100,2105,AS,192,N619AS,64,60,48,-5,-9,FAI,ANC,261,5,11,0,,0,NA,NA,NA,NA,NA
2008,9,16,2,1522,1525,1615,1624,AS,189,N626AS,53,59,40,-9,-3,ANC,FAI,261,4,9,0,,0,NA,NA,NA,NA,NA
2008,9,16,2,1610,1536,1826,1808,AS,607,N315AS,136,152,118,18,34,LAS,SEA,866,4,14,0,,0,0,0,0,0,18
2008,9,16,2,1850,1830,2310,2249,AS,104,N305AS,200,199,185,21,20,ANC,SEA,1449,7,8,0,,0,7,0,1,0,13
2008,9,16,2,659,700,751,755,AS,181,N626AS,52,55,41,-4,-1,ANC,FAI,261,3,8,0,,0,NA,NA,NA,NA,NA
2008,9,16,2,858,900,1117,1145,AS,85,N317AS,199,225,184,-28,-2,SEA,ANC,1449,4,11,0,,0,NA,NA,NA,NA,NA
2008,9,16,2,1523,1530,1711,1716,AS,370,N778AS,108,106,92,-5,-7,SEA,SMF,605,2,14,0,,0,NA,NA,NA,NA,NA
2008,9,16,2,30,30,440,450,AS,108,N305AS,190,200,178,-10,0,ANC,SEA,1449,3,9,0,,0,NA,NA,NA,NA,NA
2008,9,16,2,554,600,819,840,AS,81,N305AS,205,220,186,-21,-6,SEA,ANC,1449,5,14,0,,0,NA,NA,NA,NA,NA
2008,9,16,2,1626,1620,1901,1835,AS,623,N625AS,155,135,104,26,6,LAS,PDX,762,4,47,0,,0,6,0,20,0,0
2008,9,16,2,851,900,1049,1104,AS,321,N796AS,118,124,97,-15,-9,SJC,SEA,697,4,17,0,,0,NA,NA,NA,NA,NA
2008,9,16,2,1929,1930,2203,2211,AS,518,N612AS,154,161,138,-8,-1,SEA,SNA,978,4,12,0,,0,NA,NA,NA,NA,NA
2008,9,16,2,1357,1405,1727,1733,AS,684,N611AS,150,148,132,-6,-8,PDX,DEN,992,6,12,0,,0,NA,NA,NA,NA,NA
2008,9,16,2,1033,1030,1241,1237,AS,310,N627AS,128,127,105,4,3,SEA,SFO,679,5,18,0,,0,NA,NA,NA,NA,NA
2008,9,16,2,828,841,1007,1028,AS,401,N647AS,99,107,83,-21,-13,SJC,PDX,569,3,13,0,,0,NA,NA,NA,NA,NA
2008,9,16,2,1728,1730,2004,1955,AS,612,N306AS,156,145,138,9,-2,SEA,LAS,866,8,10,0,,0,NA,NA,NA,NA,NA
2008,9,16,2,1831,1830,2045,2042,AS,318,N786AS,134,132,109,3,1,SEA,SFO,679,8,17,0,,0,NA,NA,NA,NA,NA
2008,9,16,2,2054,2100,2336,2326,AS,450,N319AS,162,146,134,10,-6,SEA,LAX,954,8,20,0,,0,NA,NA,NA,NA,NA
2008,9,16,2,651,700,923,934,AS,587,N622AS,152,154,123,-11,-9,SNA,PDX,859,3,26,0,,0,NA,NA,NA,NA,NA
2008,9,16,2,1955,2000,2214,2247,AS,111,N318AS,199,227,182,-33,-5,SEA,ANC,1449,5,12,0,,0,NA,NA,NA,NA,NA
2008,9,16,2,1824,1830,2037,2045,AS,624,N648AS,133,135,109,-8,-6,PDX,LAS,762,9,15,0,,0,NA,NA,NA,NA,NA
2008,9,16,2,628,630,831,831,AS,351,N713AS,123,121,92,0,-2,OAK,SEA,671,12,19,0,,0,NA,NA,NA,NA,NA
2008,9,16,2,1337,1330,1807,1750,AS,88,N584AS,210,200,190,17,7,ANC,SEA,1449,6,14,0,,0,7,0,10,0,0
2008,9,16,2,1508,1000,1601,1057,AS,73,N619AS,53,57,38,304,308,ANC,FAI,261,2,13,0,,0,0,0,0,0,304
2008,9,16,2,1627,1630,1900,1852,AS,588,N622AS,153,142,125,8,-3,PDX,SNA,859,7,21,0,,0,NA,NA,NA,NA,NA
2008,9,16,2,1430,1430,1637,1638,AS,314,N785AS,127,128,105,-1,0,SEA,SFO,679,8,14,0,,0,NA,NA,NA,NA,NA
2008,9,16,2,1925,1935,2155,2156,AS,585,N622AS,150,141,130,-1,-10,SNA,PDX,859,6,14,0,,0,NA,NA,NA,NA,NA
2008,9,16,2,1011,1015,1238,1243,AS,604,N302AS,147,148,122,-5,-4,SEA,LAS,866,10,15,0,,0,NA,NA,NA,NA,NA
2008,9,16,2,1000,720,1058,833,AS,65,N776AS,118,133,99,145,160,SEA,KTN,680,4,15,0,,0,0,145,0,0,0
2008,9,16,2,1049,1100,1304,1325,AS,625,N614AS,135,145,110,-21,-11,LAS,PDX,762,5,20,0,,0,NA,NA,NA,NA,NA
2008,9,16,2,1822,1825,1915,1922,AS,191,N619AS,53,57,40,-7,-3,ANC,FAI,261,3,10,0,,0,NA,NA,NA,NA,NA
2008,9,16,2,1822,1825,2054,2144,AS,19,N566AS,332,379,316,-50,-3,MCO,SEA,2553,2,14,0,,0,NA,NA,NA,NA,NA
2008,9,16,2,705,700,1026,941,AS,494,N784AS,201,161,173,45,5,SEA,SAN,1050,4,24,0,,0,0,0,45,0,0
2008,9,16,2,2037,2037,2305,2305,AS,578,N771AS,148,148,130,0,0,PDX,SAN,933,3,15,0,,0,NA,NA,NA,NA,NA
2008,9,16,2,133,130,556,554,AS,112,N588AS,203,204,190,2,3,ANC,SEA,1449,5,8,0,,0,NA,NA,NA,NA,NA
2008,9,16,2,1231,1230,1654,1655,AS,86,N317AS,203,205,189,-1,1,ANC,SEA,1449,5,9,0,,0,NA,NA,NA,NA,NA
2008,9,16,2,1622,1630,1857,1910,AS,111,N318AS,155,160,134,-13,-8,SAN,SEA,1050,7,14,0,,0,NA,NA,NA,NA,NA
2008,9,16,2,600,600,728,739,AS,151,N763AS,88,99,72,-11,0,ANC,OTZ,549,5,11,0,,0,NA,NA,NA,NA,NA
2008,9,16,2,902,905,1009,1014,AS,42,N768AS,67,69,57,-5,-3,BET,ANC,399,5,5,0,,0,NA,NA,NA,NA,NA
2008,9,16,2,1040,1045,1258,1319,AS,581,N611AS,138,154,122,-21,-5,SNA,PDX,859,3,13,0,,0,NA,NA,NA,NA,NA
2008,9,16,2,2049,2048,2157,2155,AS,46,N762AS,68,67,60,2,1,BET,ANC,399,4,4,0,,0,NA,NA,NA,NA,NA
2008,9,16,2,1340,1330,1435,1440,AS,691,N585AS,55,70,42,-5,10,GEG,SEA,224,4,9,0,,0,NA,NA,NA,NA,NA
2008,9,16,2,656,700,822,828,AS,301,N775AS,86,88,66,-6,-4,PSP,SFO,421,9,11,0,,0,NA,NA,NA,NA,NA
2008,9,16,2,1256,1300,1534,1542,AS,466,N756AS,158,162,143,-8,-4,SEA,LAX,954,7,8,0,,0,NA,NA,NA,NA,NA
2008,9,16,2,702,630,959,915,AS,502,N607AS,177,165,137,44,32,SEA,SNA,978,8,32,0,,0,32,0,12,0,0
2008,9,16,2,1055,950,1256,1143,AS,382,N771AS,121,113,90,73,65,PDX,SFO,550,9,22,0,,0,0,0,73,0,0
2008,9,16,2,1113,1110,1249,1245,AS,152,N765AS,96,95,78,4,3,ANC,OME,539,3,15,0,,0,NA,NA,NA,NA,NA
2008,9,16,2,1600,1600,1825,1847,AS,103,N559AS,205,227,185,-22,0,SEA,ANC,1449,6,14,0,,0,NA,NA,NA,NA,NA
2008,9,16,2,1125,1130,1344,1350,AS,586,N647AS,139,140,124,-6,-5,PDX,SNA,859,4,11,0,,0,NA,NA,NA,NA,NA
2008,9,16,2,NA,1130,NA,1340,AS,303,N760AS,NA,130,NA,NA,NA,SFO,SEA,679,NA,NA,1,A,0,NA,NA,NA,NA,NA
2008,9,16,2,1201,1155,1500,1452,AS,636,N594AS,179,177,146,8,6,SEA,PHX,1107,6,27,0,,0,NA,NA,NA,NA,NA
2008,9,16,2,1253,1255,2111,2135,AS,858,N583AS,318,340,301,-24,-2,OGG,SEA,2640,4,13,0,,0,NA,NA,NA,NA,NA
2008,9,16,2,1017,1020,1209,1207,AS,362,N778AS,112,107,90,2,-3,SEA,SMF,605,3,19,0,,0,NA,NA,NA,NA,NA
2008,9,16,2,1821,1830,2051,2120,AS,489,N618AS,150,170,133,-29,-9,SAN,SEA,1050,6,11,0,,0,NA,NA,NA,NA,NA
2008,9,16,2,1051,1056,1314,1318,AS,574,N609AS,143,142,124,-4,-5,PDX,SAN,933,8,11,0,,0,NA,NA,NA,NA,NA
2008,9,16,2,1220,1225,1814,1820,AS,22,N552AS,234,235,206,-6,-5,SEA,ORD,1721,9,19,0,,0,NA,NA,NA,NA,NA
2008,9,16,2,718,720,830,842,AS,720,N773AS,72,82,57,-12,-2,SFO,LAX,337,5,10,0,,0,NA,NA,NA,NA,NA
2008,9,16,2,607,615,759,801,AS,400,N647AS,112,106,92,-2,-8,PDX,SJC,569,4,16,0,,0,NA,NA,NA,NA,NA
2008,9,16,2,1327,1330,2159,2215,AS,852,N557AS,332,345,303,-16,-3,HNL,SEA,2677,4,25,0,,0,NA,NA,NA,NA,NA
2008,9,16,2,955,1000,1156,1213,AS,324,N549AS,121,133,106,-17,-5,SEA,SJC,697,4,11,0,,0,NA,NA,NA,NA,NA
2008,9,16,2,808,810,1044,1041,AS,602,N588AS,156,151,128,3,-2,SEA,LAS,866,4,24,0,,0,NA,NA,NA,NA,NA
2008,9,16,2,1534,1535,1918,1910,AS,674,N585AS,164,155,142,8,-1,SEA,DEN,1024,8,14,0,,0,NA,NA,NA,NA,NA
2008,9,16,2,706,700,1516,1535,AS,30,N563AS,310,335,293,-19,6,PDX,BOS,2537,8,9,0,,0,NA,NA,NA,NA,NA
2008,9,16,2,1731,1735,1944,2003,AS,29,N319AS,253,268,233,-19,-4,ORD,SEA,1721,6,14,0,,0,NA,NA,NA,NA,NA
2008,9,16,2,1327,1235,1456,1403,AS,382,N771AS,89,88,66,53,52,SFO,PSP,421,5,18,0,,0,0,0,1,0,52
2008,9,16,2,1132,1130,1416,1413,AS,93,N754AS,224,223,207,3,2,SEA,ANC,1449,5,12,0,,0,NA,NA,NA,NA,NA
2008,9,16,2,1022,1030,1301,1314,AS,506,N613AS,159,164,137,-13,-8,SEA,SNA,978,6,16,0,,0,NA,NA,NA,NA,NA
2008,9,16,2,235,230,701,700,AS,114,N306AS,206,210,189,1,5,ANC,SEA,1449,9,8,0,,0,NA,NA,NA,NA,NA
2008,9,16,2,600,600,651,658,AS,55,N762AS,51,58,38,-7,0,ANC,FAI,261,4,9,0,,0,NA,NA,NA,NA,NA
2008,9,16,2,1449,1500,1637,1705,AS,327,N775AS,108,125,95,-28,-11,SJC,SEA,697,5,8,0,,0,NA,NA,NA,NA,NA
2008,9,16,2,2028,2030,2229,2239,AS,304,N320AS,121,129,100,-10,-2,SEA,SFO,679,8,13,0,,0,NA,NA,NA,NA,NA
2008,9,16,2,1155,1145,1435,1415,AS,538,N769AS,160,150,134,20,10,SEA,ONT,956,4,22,0,,0,10,0,10,0,0
2008,9,16,2,1447,1425,1759,1745,AS,76,N562AS,132,140,120,14,22,JNU,SEA,909,6,6,0,,0,NA,NA,NA,NA,NA
2008,9,16,2,1151,1155,1411,1420,AS,522,N644AS,140,145,124,-9,-4,SEA,BUR,937,3,13,0,,0,NA,NA,NA,NA,NA
2008,9,16,2,1158,1205,1310,1322,AS,43,N768AS,72,77,57,-12,-7,ANC,BET,399,4,11,0,,0,NA,NA,NA,NA,NA
2008,9,16,2,1327,1330,1540,1540,AS,622,N625AS,133,130,116,0,-3,PDX,LAS,762,4,13,0,,0,NA,NA,NA,NA,NA
2008,9,16,2,2025,2030,2244,2310,AS,473,N587AS,139,160,127,-26,-5,LAX,SEA,954,4,8,0,,0,NA,NA,NA,NA,NA
2008,9,16,2,1353,1407,1500,1515,AS,44,N768AS,67,68,58,-15,-14,BET,ANC,399,3,6,0,,0,NA,NA,NA,NA,NA
2008,9,16,2,2005,1950,2244,2214,AS,560,N783AS,159,144,123,30,15,PDX,LAX,834,8,28,0,,0,15,0,15,0,0
2008,9,16,2,1836,1730,2259,2146,AS,100,N512AS,203,196,190,73,66,ANC,SEA,1449,5,8,0,,0,0,0,7,0,66
2008,9,16,2,648,700,832,852,AS,373,N549AS,104,112,84,-20,-12,SMF,SEA,605,6,14,0,,0,NA,NA,NA,NA,NA
2008,9,16,2,1022,1030,1249,1308,AS,455,N556AS,147,158,126,-19,-8,LAX,SEA,954,7,14,0,,0,NA,NA,NA,NA,NA
2008,9,16,2,656,700,941,1004,AS,515,N618AS,165,184,141,-23,-4,SNA,SEA,978,5,19,0,,0,NA,NA,NA,NA,NA
2008,9,16,2,1526,1530,1722,1735,AS,348,N624AS,116,125,101,-13,-4,SEA,OAK,671,5,10,0,,0,NA,NA,NA,NA,NA
2008,9,16,2,1952,1955,2119,2148,AS,675,N585AS,147,173,131,-29,-3,DEN,SEA,1024,4,12,0,,0,NA,NA,NA,NA,NA
2008,9,16,2,1840,1850,2057,2124,AS,525,N569AS,137,154,122,-27,-10,BUR,SEA,937,4,11,0,,0,NA,NA,NA,NA,NA
2008,9,17,3,1121,1125,1417,1440,AS,649,N548AS,176,195,166,-23,-4,TUS,SEA,1216,3,7,0,,0,NA,NA,NA,NA,NA
2008,9,17,3,852,900,1048,1104,AS,321,N553AS,116,124,100,-16,-8,SJC,SEA,697,4,12,0,,0,NA,NA,NA,NA,NA
2008,9,17,3,1015,1030,1252,1313,AS,531,N797AS,157,163,138,-21,-15,ONT,SEA,956,8,11,0,,0,NA,NA,NA,NA,NA
2008,9,17,3,1751,1800,2030,2045,AS,511,N588AS,159,165,142,-15,-9,SNA,SEA,978,4,13,0,,0,NA,NA,NA,NA,NA
2008,9,17,3,1255,1255,2117,2135,AS,858,N587AS,322,340,307,-18,0,OGG,SEA,2640,5,10,0,,0,NA,NA,NA,NA,NA
2008,9,17,3,2231,2220,2313,2259,AS,70,N799AS,42,39,23,14,11,JNU,SIT,95,7,12,0,,0,NA,NA,NA,NA,NA
2008,9,17,3,551,600,624,639,AS,73,N754AS,33,39,22,-15,-9,SIT,JNU,95,3,8,0,,0,NA,NA,NA,NA,NA
2008,9,17,3,1429,1430,1710,1710,AS,463,N579AS,161,160,137,0,-1,LAX,SEA,954,5,19,0,,0,NA,NA,NA,NA,NA
2008,9,17,3,759,805,1106,1108,AS,643,N564AS,187,183,154,-2,-6,PHX,SEA,1107,18,15,0,,0,NA,NA,NA,NA,NA
2008,9,17,3,1017,1023,1258,1320,AS,651,N708AS,161,177,143,-22,-6,PHX,PDX,1009,3,15,0,,0,NA,NA,NA,NA,NA
2008,9,17,3,1319,1330,1524,1535,AS,346,N705AS,125,125,98,-11,-11,SEA,OAK,671,5,22,0,,0,NA,NA,NA,NA,NA
2008,9,17,3,1130,1130,1332,1338,AS,344,N559AS,122,128,99,-6,0,SEA,OAK,671,6,17,0,,0,NA,NA,NA,NA,NA
2008,9,17,3,1656,1700,1927,1945,AS,105,N508AS,211,225,191,-18,-4,SEA,ANC,1449,4,16,0,,0,NA,NA,NA,NA,NA
2008,9,17,3,840,845,1800,1725,AS,18,N568AS,380,340,356,35,-5,SEA,MCO,2553,6,18,0,,0,0,0,35,0,0
2008,9,17,3,823,830,1242,1250,AS,80,N581AS,199,200,173,-8,-7,ANC,SEA,1449,6,20,0,,0,NA,NA,NA,NA,NA
2008,9,17,3,850,900,1131,1140,AS,458,N506AS,161,160,128,-9,-10,SEA,LAX,954,13,20,0,,0,NA,NA,NA,NA,NA
2008,9,17,3,714,720,824,842,AS,720,N705AS,70,82,53,-18,-6,SFO,LAX,337,4,13,0,,0,NA,NA,NA,NA,NA
2008,9,17,3,2118,2125,2240,2250,AS,318,N703AS,82,85,61,-10,-7,SFO,PSP,421,4,17,0,,0,NA,NA,NA,NA,NA
2008,9,17,3,924,930,1200,1213,AS,453,N705AS,156,163,138,-13,-6,LAX,SEA,954,8,10,0,,0,NA,NA,NA,NA,NA
2008,9,17,3,745,750,1118,1132,AS,670,N508AS,153,162,136,-14,-5,SEA,DEN,1024,4,13,0,,0,NA,NA,NA,NA,NA
2008,9,17,3,1752,1805,2013,2040,AS,577,N614AS,141,155,125,-27,-13,SAN,PDX,933,5,11,0,,0,NA,NA,NA,NA,NA
2008,9,17,3,1632,1630,1816,1829,AS,347,N705AS,104,119,94,-13,2,OAK,SEA,671,2,8,0,,0,NA,NA,NA,NA,NA
2008,9,17,3,1129,1130,1401,1408,AS,457,N560AS,152,158,134,-7,-1,LAX,SEA,954,4,14,0,,0,NA,NA,NA,NA,NA
2008,9,17,3,1700,1700,1935,1942,AS,474,N779AS,155,162,129,-7,0,SEA,LAX,954,9,17,0,,0,NA,NA,NA,NA,NA
2008,9,17,3,717,730,928,935,AS,315,N320AS,131,125,94,-7,-13,SFO,SEA,679,9,28,0,,0,NA,NA,NA,NA,NA
2008,9,17,3,1609,1615,1837,1848,AS,534,N557AS,148,153,129,-11,-6,SEA,ONT,956,3,16,0,,0,NA,NA,NA,NA,NA
2008,9,17,3,1156,1200,1359,1405,AS,326,N625AS,123,125,105,-6,-4,SEA,SJC,697,4,14,0,,0,NA,NA,NA,NA,NA
2008,9,17,3,654,700,945,957,AS,547,N769AS,171,177,150,-12,-6,LGB,SEA,965,5,16,0,,0,NA,NA,NA,NA,NA
2008,9,17,3,609,615,755,801,AS,400,N622AS,106,106,90,-6,-6,PDX,SJC,569,3,13,0,,0,NA,NA,NA,NA,NA
2008,9,17,3,1310,1235,1433,1403,AS,382,N706AS,83,88,65,30,35,SFO,PSP,421,3,15,0,,0,0,0,0,0,30
2008,9,17,3,1649,1700,1925,1942,AS,498,N618AS,156,162,137,-17,-11,SEA,SAN,1050,2,17,0,,0,NA,NA,NA,NA,NA
2008,9,17,3,1039,950,1234,1143,AS,382,N706AS,115,113,87,51,49,PDX,SFO,550,6,22,0,,0,0,0,51,0,0
2008,9,17,3,2028,2030,2231,2239,AS,304,N597AS,123,129,101,-8,-2,SEA,SFO,679,7,15,0,,0,NA,NA,NA,NA,NA
2008,9,17,3,1223,1230,1508,1515,AS,508,N644AS,165,165,136,-7,-7,SEA,SNA,978,5,24,0,,0,NA,NA,NA,NA,NA
2008,9,17,3,1755,1748,1916,1914,AS,51,N765AS,81,86,73,2,7,FAI,BRW,503,3,5,0,,0,NA,NA,NA,NA,NA
2008,9,17,3,1450,1450,1727,1732,AS,556,N783AS,157,162,136,-5,0,SEA,PSP,987,4,17,0,,0,NA,NA,NA,NA^C,NA
2008,9,17,3,1149,1142,1221,1225,AS,65,N784AS,32,43,25,-4,7,PSG,JNU,123,1,6,0,,0,NA,NA,NA,NA,NA
2008,9,17,3,759,800,1043,1050,AS,1,N556AS,344,350,317,-7,-1,DCA,SEA,2329,7,20,0,,0,NA,NA,NA,NA,NA
2008,9,17,3,1248,1300,1443,1505,AS,325,N594AS,115,125,102,-22,-12,SJC,SEA,697,4,9,0,,0,NA,NA,NA,NA,NA
2008,9,17,3,1250,1250,1621,1625,AS,672,N593AS,151,155,133,-4,0,SEA,DEN,1024,4,14,0,,0,NA,NA,NA,NA,NA
2008,9,17,3,1615,1610,1904,1933,AS,853,N577AS,349,383,333,-29,5,SEA,LIH,2701,5,11,0,,0,NA,NA,NA,NA,NA
2008,9,17,3,558,600,730,739,AS,151,N765AS,92,99,71,-9,-2,ANC,OTZ,549,4,17,0,,0,NA,NA,NA,NA,NA
2008,9,17,3,1528,1530,1705,1716,AS,370,N785AS,97,106,83,-11,-2,SEA,SMF,605,3,11,0,,0,NA,NA,NA,NA,NA
2008,9,17,3,957,1000,1228,1241,AS,460,N773AS,151,161,128,-13,-3,SEA,LAX,954,6,17,0,,0,NA,NA,NA,NA,NA
2008,9,17,3,756,800,1014,1014,AS,626,N614AS,138,134,107,0,-4,PDX,LAS,762,9,22,0,,0,NA,NA,NA,NA,NA
2008,9,17,3,1215,1220,1342,1419,AS,671,N508AS,147,179,131,-37,-5,DEN,SEA,1024,5,11,0,,0,NA,NA,NA,NA,NA
2008,9,17,3,1330,1330,1428,1440,AS,691,N513AS,58,70,41,-12,0,GEG,SEA,224,5,12,0,,0,NA,NA,NA,NA,NA
2008,9,17,3,27,2018,332,2339,AS,66,N619AS,125,141,111,233,249,JNU,SEA,909,7,7,0,,0,0,0,0,0,233
2008,9,17,3,639,645,1004,1017,AS,680,N647AS,145,152,128,-13,-6,PDX,DEN,992,4,13,0,,0,NA,NA,NA,NA,NA
2008,9,17,3,2251,2255,718,710,AS,24,N512AS,327,315,289,8,-4,SEA,BOS,2496,12,26,0,,0,NA,NA,NA,NA,NA
2008,9,17,3,1243,1225,1501,1454,AS,124,N302AS,138,149,115,7,18,SEA,LAS,866,8,15,0,,0,NA,NA,NA,NA,NA
2008,9,17,3,2246,2245,302,309,AS,106,N767AS,196,204,184,-7,1,ANC,SEA,1449,3,9,0,,0,NA,NA,NA,NA,NA
2008,9,17,3,1442,1425,1805,1745,AS,76,N553AS,143,140,118,20,17,JNU,SEA,909,9,16,0,,0,2,0,3,0,15
2008,9,17,3,1001,1015,1045,1058,AS,62,N794AS,44,43,28,-13,-14,JNU,SIT,95,3,13,0,,0,NA,NA,NA,NA,NA
2008,9,17,3,1221,1145,1506,1415,AS,538,N713AS,165,150,127,51,36,SEA,ONT,956,14,24,0,,0,36,0,15,0,0
2008,9,17,3,705,700,1136,1135,AS,124,N302AS,211,215,196,1,5,FAI,SEA,1533,5,10,0,,0,NA,NA,NA,NA,NA
2008,9,17,3,2350,2350,213,240,AS,121,N768AS,203,230,192,-27,0,SEA,ANC,1449,3,8,0,,0,NA,NA,NA,NA,NA
2008,9,17,3,2153,2155,641,655,AS,130,N506AS,348,360,323,-14,-2,ANC,ORD,2846,8,17,0,,0,NA,NA,NA,NA,NA
2008,9,17,3,2131,2125,6,20,AS,127,N315AS,215,235,201,-14,6,SEA,FAI,1533,4,10,0,,0,NA,NA,NA,NA,NA
2008,9,17,3,1252,1307,1551,1559,AS,62,N794AS,119,112,94,-8,-15,KTN,SEA,680,12,13,0,,0,NA,NA,NA,NA,NA
2008,9,17,3,1830,1845,1938,2003,AS,45,N763AS,68,78,57,-25,-15,ANC,BET,399,4,7,0,,0,NA,NA,NA,NA,NA
2008,9,17,3,736,700,957,934,AS,587,N612AS,141,154,126,23,36,SNA,PDX,859,5,10,0,,0,23,0,0,0,0
2008,9,17,3,2349,2355,531,538,AS,664,N626AS,222,223,200,-7,-6,SEA,DFW,1660,5,17,0,,0,NA,NA,NA,NA,NA
2008,9,17,3,135,130,601,554,AS,112,N563AS,206,204,180,7,5,ANC,SEA,1449,9,17,0,,0,NA,NA,NA,NA,NA
2008,9,17,3,2025,1850,2255,2130,AS,548,N713AS,150,160,128,85,95,SEA,LGB,965,4,18,0,,0,85,0,0,0,0
2008,9,17,3,2207,2200,2303,2253,AS,52,N765AS,56,53,44,10,7,FAI,ANC,261,4,8,0,,0,NA,NA,NA,NA,NA
2008,9,17,3,955,1005,1220,1249,AS,529,N588AS,145,164,127,-29,-10,BUR,SEA,937,4,14,0,,0,NA,NA,NA,NA,NA
2008,9,17,3,2350,2358,44,54,AS,195,N784AS,54,56,38,-10,-8,ANC,FAI,261,2,14,0,,0,NA,NA,NA,NA,NA
2008,9,17,3,2004,2000,2127,2119,AS,52,N765AS,83,79,79,8,4,BRW,FAI,503,2,2,0,,0,NA,NA,NA,NA,NA
2008,9,17,3,1724,1630,2004,1908,AS,467,N647AS,160,158,136,56,54,LAX,SEA,954,6,18,0,,0,54,0,2,0,0
2008,9,17,3,2251,2255,732,725,AS,10,N568AS,341,330,312,7,-4,SEA,MCO,2553,11,18,0,,0,NA,NA,NA,NA,NA
2008,9,17,3,2123,2125,610,605,AS,16,N588AS,347,340,327,5,-2,SEA,MIA,2724,4,16,0,,0,NA,NA,NA,NA,NA
2008,9,17,3,1945,1945,2142,2151,AS,356,N590AS,117,126,99,-9,0,SEA,OAK,671,6,12,0,,0,NA,NA,NA,NA,NA
2008,9,17,3,1534,1505,2338,2324,AS,14,N549AS,304,319,281,14,29,SEA,EWR,2401,6,17,0,,0,NA,NA,NA,NA,NA
2008,9,17,3,1354,1400,1629,1640,AS,99,N581AS,215,220,198,-11,-6,SEA,ANC,1449,3,14,0,,0,NA,NA,NA,NA,NA
2008,9,17,3,228,230,649,700,AS,114,N779AS,201,210,189,-11,-2,ANC,SEA,1449,4,8,0,,0,NA,NA,NA,NA,NA
2008,9,17,3,2216,2220,707,700,AS,854,N577AS,351,340,326,7,-4,LIH,SEA,2701,8,17,0,,0,NA,NA,NA,NA,NA
2008,9,17,3,1100,1100,1339,1345,AS,484,N769AS,159,165,136,-6,0,SEA,SAN,1050,4,19,0,,0,NA,NA,NA,NA,NA
2008,9,17,3,1050,1100,1325,1338,AS,462,N579AS,155,158,125,-13,-10,SEA,LAX,954,9,21,0,,0,NA,NA,NA,NA,NA
2008,9,17,3,2056,2100,2330,2326,AS,450,N795AS,154,146,125,4,-4,SEA,LAX,954,5,24,0,,0,NA,NA,NA,NA,NA
2008,9,17,3,1637,1630,2049,2044,AS,98,N315AS,192,194,175,5,7,ANC,SEA,1449,9,8,0,,0,NA,NA,NA,NA,NA
2008,9,17,3,1032,1030,1309,1314,AS,506,N627AS,157,164,131,-5,2,SEA,SNA,978,9,17,0,,0,NA,NA,NA,NA,NA
2008,9,17,3,650,700,754,755,AS,181,N799AS,64,55,41,-1,-10,ANC,FAI,261,4,19,0,,0,NA,NA,NA,NA,NA
2008,9,17,3,1126,845,1413,1141,AS,60,N785AS,107,116,92,152,161,KTN,SEA,680,7,8,0,,0,0,0,0,0,152
2008,9,17,3,743,700,902,820,AS,41,N768AS,79,80,63,42,43,ANC,BET,399,4,12,0,,0,0,42,0,0,0
2008,9,17,3,1821,1824,2107,2117,AS,64,N768AS,106,113,91,-10,-3,KTN,SEA,680,5,10,0,,0,NA,NA,NA,NA,NA
2008,9,17,3,NA,1708,NA,1744,AS,64,N768AS,NA,36,NA,NA,NA,WRG,KTN,82,NA,NA,1,A,0,NA,NA,NA,NA,NA
2008,9,17,3,1703,1600,NA,1628,AS,64,N768AS,NA,28,NA,NA,63,PSG,WRG,31,NA,8,0,,1,NA,NA,NA,NA,NA
2008,9,17,3,1542,1435,1639,1520,AS,64,N768AS,57,45,30,79,67,JNU,PSG,123,3,24,0,,0,31,0,12,0,36
2008,9,17,3,1229,1210,1426,1349,AS,64,N768AS,117,99,83,37,19,ANC,JNU,571,3,31,0,,0,19,0,18,0,0
2008,9,17,3,738,740,904,920,AS,61,N762AS,146,160,124,-16,-2,SEA,JNU,909,4,18,0,,0,NA,NA,NA,NA,NA
2008,9,17,3,2256,1845,2340,1933,AS,66,N619AS,44,48,33,247,251,YAK,JNU,199,5,6,0,,0,247,0,0,0,0
2008,9,17,3,948,710,1039,805,AS,60,N785AS,51,55,41,154,158,JNU,KTN,234,3,7,0,,0,0,154,0,0,0
2008,9,17,3,1142,1141,1234,1230,AS,61,N762AS,52,49,40,4,1,YAK,CDV,213,4,8,0,,0,NA,NA,NA,NA,NA
2008,9,17,3,1315,1310,1403,1358,AS,61,N762AS,48,48,36,5,5,CDV,ANC,160,3,9,0,,0,NA,NA,NA,NA,NA
2008,9,17,3,1722,1710,1859,1852,AS,385,N706AS,97,102,78,7,12,SFO,PDX,550,4,15,0,,0,NA,NA,NA,NA,NA
2008,9,17,3,754,800,928,1000,AS,91,N546AS,154,180,136,-32,-6,DEN,SEA,1024,5,13,0,,0,NA,NA,NA,NA,NA
2008,9,17,3,1828,1830,2104,2116,AS,251,N774AS,156,166,139,-12,-2,LAX,SEA,954,8,9,0,,0,NA,NA,NA,NA,NA
2008,9,17,3,1655,1656,1921,1927,AS,233,N791AS,146,151,128,-6,-1,SAN,PDX,933,4,14,0,,0,NA,NA,NA,NA,NA
2008,9,17,3,2058,2110,1,8,AS,31,N552AS,243,238,203,-7,-12,PDX,ANC,1542,26,14,0,,0,NA,NA,NA,NA,NA
2008,9,17,3,1356,1405,1741,1733,AS,684,N609AS,165,148,145,8,-9,PDX,DEN,992,7,13,0,,0,NA,NA,NA,NA,NA
2008,9,17,3,853,900,1128,1144,AS,480,N557AS,155,164,133,-16,-7,SEA,SAN,1050,3,19,0,,0,NA,NA,NA,NA,NA
2008,9,17,3,825,830,1019,1036,AS,353,N613AS,114,126,97,-17,-5,OAK,SEA,671,5,12,0,,0,NA,NA,NA,NA,NA
2008,9,17,3,1734,1735,2029,2029,AS,642,N559AS,175,174,140,0,-1,SEA,PHX,1107,15,20,0,,0,NA,NA,NA,NA,NA
2008,9,17,3,1353,1400,1641,1645,AS,505,N627AS,168,165,147,-4,-7,SNA,SEA,978,8,13,0,,0,NA,NA,NA,NA,NA
2008,9,17,3,1215,1200,1449,1448,AS,503,N624AS,154,168,140,1,15,SNA,SEA,978,3,11,0,,0,NA,NA,NA,NA,NA
2008,9,17,3,703,710,931,946,AS,530,N797AS,148,156,125,-15,-7,SEA,ONT,956,3,20,0,,0,NA,NA,NA,NA,NA
2008,9,17,3,810,810,1024,1045,AS,21,N559AS,254,275,233,-21,0,ORD,SEA,1721,5,16,0,,0,NA,NA,NA,NA,NA
2008,9,17,3,1717,1723,2000,2012,AS,653,N708AS,163,169,146,-12,-6,PHX,PDX,1009,4,13,0,,0,NA,NA,NA,NA,NA
2008,9,17,3,1947,1955,2131,2140,AS,374,N593AS,104,105,85,-9,-8,SEA,SMF,605,2,17,0,,0,NA,NA,NA,NA,NA
2008,9,17,3,948,830,1151,1050,AS,308,N586AS,123,140,105,61,78,SEA,SFO,679,7,11,0,,0,0,0,61,0,0
2008,9,17,3,2030,2050,2125,2150,AS,69,N780AS,55,60,44,-25,-20,KTN,JNU,234,3,8,0,,0,NA,NA,NA,NA,NA
2008,9,17,3,1502,1500,1736,1744,AS,470,N560AS,154,164,125,-8,2,SEA,LAX,954,9,20,0,,0,NA,NA,NA,NA,NA
2008,9,17,3,1320,1325,1510,1513,AS,402,N648AS,110,108,90,-3,-5,PDX,SJC,569,4,16,0,,0,NA,NA,NA,NA,NA
2008,9,17,3,1322,1330,1525,1540,AS,622,N607AS,123,130,108,-15,-8,PDX,LAS,762,6,9,0,,0,NA,NA,NA,NA,NA
2008,9,17,3,1756,1800,1903,1848,AS,694,N563AS,67,48,37,15,-4,SEA,GEG,224,9,21,0,,0,0,0,15,0,0
2008,9,17,3,1355,1400,1622,1643,AS,652,N708AS,147,163,131,-21,-5,PDX,PHX,1009,6,10,0,,0,NA,NA,NA,NA,NA
2008,9,17,3,914,915,1129,1200,AS,5,N565AS,315,345,287,-31,-1,DCA,LAX,2311,15,13,0,,0,NA,NA,NA,NA,NA
2008,9,17,3,754,800,1041,1048,AS,517,N644AS,167,168,146,-7,-6,SNA,SEA,978,11,10,0,,0,NA,NA,NA,NA,NA
2008,9,17,3,650,655,911,923,AS,528,N588AS,141,148,119,-12,-5,SEA,BUR,937,4,18,0,,0,NA,NA,NA,NA,NA
2008,9,17,3,1524,1530,1717,1735,AS,313,N786AS,113,125,98,-18,-6,SFO,SEA,679,4,11,0,,0,NA,NA,NA,NA,NA
2008,9,17,3,1916,1915,2140,2137,AS,590,N607AS,144,142,122,3,1,PDX,SNA,859,5,17,0,,0,NA,NA,NA,NA,NA
2008,9,17,3,1815,1830,2053,2120,AS,489,N617AS,158,170,145,-27,-15,SAN,SEA,1050,4,9,0,,0,NA,NA,NA,NA,NA
2008,9,17,3,752,753,928,935,AS,62,N794AS,96,102,75,-7,-1,ANC,JNU,571,4,17,0,,0,NA,NA,NA,NA,NA
2008,9,17,3,1122,1138,1214,1227,AS,62,N794AS,52,49,41,-13,-16,SIT,KTN,183,4,7,0,,0,NA,NA,NA,NA,NA
2008,9,17,3,2200,2200,36,55,AS,117,N305AS,216,235,188,-19,0,SEA,ANC,1449,14,14,0,,0,NA,NA,NA,NA,NA
2008,9,17,3,1534,1540,1802,1808,AS,520,N513AS,148,148,123,-6,-6,SEA,BUR,937,5,20,0,,0,NA,NA,NA,NA,NA
2008,9,17,3,554,600,701,708,AS,62,N794AS,67,68,42,-7,-6,FAI,ANC,261,7,18,0,,0,NA,NA,NA,NA,NA
2008,9,17,3,2015,2030,2208,2233,AS,221,N589AS,113,123,89,-25,-15,SFO,SEA,679,10,14,0,,0,NA,NA,NA,NA,NA
2008,9,17,3,952,913,1031,957,AS,65,N784AS,39,44,25,34,39,KTN,WRG,82,2,12,0,,0,0,0,0,0,34
2008,9,17,3,744,750,1015,1033,AS,542,N775AS,151,163,130,-18,-6,SEA,LGB,965,8,13,0,,0,NA,NA,NA,NA,NA
2008,9,17,3,2013,2020,2234,2248,AS,614,N320AS,141,148,115,-14,-7,SEA,LAS,866,12,14,0,,0,NA,NA,NA,NA,NA
2008,9,17,3,1655,1700,1851,1909,AS,329,N649AS,116,129,102,-18,-5,SJC,SEA,697,4,10,0,,0,NA,NA,NA,NA,NA
2008,9,17,3,2026,2030,2255,2310,AS,473,N558AS,149,160,136,-15,-4,LAX,SEA,954,4,9,0,,0,NA,NA,NA,NA,NA
2008,9,17,3,925,928,1138,1149,AS,246,N611AS,133,141,116,-11,-3,PDX,LAX,834,6,11,0,,0,NA,NA,NA,NA,NA
2008,9,17,3,1956,2005,2136,2152,AS,405,N622AS,100,107,82,-16,-9,SJC,PDX,569,5,13,0,,0,NA,NA,NA,NA,NA
2008,9,17,3,1225,1230,1455,1502,AS,459,N506AS,150,152,132,-7,-5,LAX,SEA,954,6,12,0,,0,NA,NA,NA,NA,NA
2008,9,17,3,818,830,1100,1130,AS,97,N315AS,162,180,147,-30,-12,SAN,SEA,1050,4,11,0,,0,NA,NA,NA,NA,NA
2008,9,17,3,1358,1358,1624,1625,AS,575,N771AS,146,147,128,-1,0,SAN,PDX,933,5,13,0,,0,NA,NA,NA,NA,NA
2008,9,17,3,1246,1230,1342,1346,AS,693,N783AS,56,76,39,-4,16,GEG,SEA,224,3,14,0,,0,NA,NA,NA,NA,NA
2008,9,17,3,555,600,824,840,AS,81,N318AS,209,220,189,-16,-5,SEA,ANC,1449,5,15,0,,0,NA,NA,NA,NA,NA
2008,9,17,3,1153,1155,1434,1452,AS,636,N590AS,161,177,143,-18,-2,SEA,PHX,1107,5,13,0,,0,NA,NA,NA,NA,NA
2008,9,17,3,1425,1430,1626,1638,AS,314,N776AS,121,128,101,-12,-5,SEA,SFO,679,7,13,0,,0,NA,NA,NA,NA,NA
2008,9,17,3,600,600,833,841,AS,240,N583AS,153,161,125,-8,0,SEA,LAX,954,8,20,0,,0,NA,NA,NA,NA,NA
2008,9,17,3,2007,2005,2111,2105,AS,192,N754AS,64,60,49,6,2,FAI,ANC,261,4,11,0,,0,NA,NA,NA,NA,NA
2008,9,17,3,1939,1935,2202,2156,AS,585,N612AS,143,141,122,6,4,SNA,PDX,859,4,17,0,,0,NA,NA,NA,NA,NA
2008,9,17,3,1912,1915,2135,2147,AS,536,N705AS,143,152,126,-12,-3,SEA,ONT,956,4,13,0,,0,NA,NA,NA,NA,NA
2008,9,17,3,NA,930,NA,1148,AS,300,N549AS,NA,138,NA,NA,NA,SEA,SFO,679,NA,NA,1,A,0,NA,NA,NA,NA,NA
2008,9,17,3,2013,1954,2141,2130,AS,79,N776AS,148,156,128,11,19,SEA,JNU,909,3,17,0,,0,NA,NA,NA,NA,NA
2008,9,17,3,1755,1800,1940,1950,AS,371,N785AS,105,110,91,-10,-5,SMF,SEA,605,3,11,0,,0,NA,NA,NA,NA,NA
2008,9,17,3,1725,1730,1933,1937,AS,350,N627AS,128,127,99,-4,-5,SEA,OAK,671,7,22,0,,0,NA,NA,NA,NA,NA
2008,9,17,3,632,630,1046,1103,AS,118,N584AS,194,213,176,-17,2,ANC,SEA,1449,4,14,0,,0,NA,NA,NA,NA,NA
2008,9,17,3,1501,1445,1733,1721,AS,544,N775AS,152,156,133,12,16,SEA,LGB,965,4,15,0,,0,NA,NA,NA,NA,NA
2008,9,17,3,1157,1158,1345,1335,AS,75,N553AS,168,157,126,10,-1,SEA,JNU,909,5,37,0,,0,NA,NA,NA,NA,NA
2008,9,17,3,1921,1930,2151,2211,AS,518,N644AS,150,161,135,-20,-9,SEA,SNA,978,4,11,0,,0,NA,NA,NA,NA,NA
2008,9,17,3,1734,1705,1837,1807,AS,190,N556AS,63,62,51,30,29,FAI,ANC,261,3,9,0,,0,5,0,1,0,24
2008,9,17,3,1157,1200,1427,1440,AS,95,N584AS,210,220,190,-13,-3,SEA,ANC,1449,2,18,0,,0,NA,NA,NA,NA,NA
2008,9,17,3,559,615,705,717,AS,47,N788AS,66,62,42,-12,-16,ANC,ADQ,252,3,21,0,,0,NA,NA,NA,NA,NA
2008,9,17,3,1251,1300,1543,1540,AS,97,N315AS,232,220,198,3,-9,SEA,ANC,1449,6,28,0,,0,NA,NA,NA,NA,NA
2008,9,17,3,2041,2045,2253,2307,AS,249,N611AS,132,142,116,-14,-4,LAX,PDX,834,4,12,0,,0,NA,NA,NA,NA,NA
2008,9,17,3,1459,1500,1751,1740,AS,101,N566AS,232,220,206,11,-1,SEA,ANC,1449,4,22,0,,0,NA,NA,NA,NA,NA
2008,9,17,3,700,700,800,801,AS,699,N793AS,60,61,39,-1,0,GEG,SEA,224,7,14,0,,0,NA,NA,NA,NA,NA
2008,9,17,3,1936,1940,2210,2230,AS,92,N546AS,154,170,140,-20,-4,SEA,PHX,1107,3,11,0,,0,NA,NA,NA,NA,NA
2008,9,17,3,1225,1230,1633,1655,AS,86,N570AS,188,205,174,-22,-5,ANC,SEA,1449,5,9,0,,0,NA,NA,NA,NA,NA
2008,9,17,3,1909,1900,2151,2142,AS,492,N317AS,162,162,141,9,9,SEA,SAN,1050,3,18,0,,0,NA,NA,NA,NA,NA
2008,9,17,3,753,800,1002,1016,AS,627,N648AS,129,136,113,-14,-7,LAS,PDX,762,4,12,0,,0,NA,NA,NA,NA,NA
2008,9,17,3,910,925,1144,1213,AS,619,N569AS,154,168,133,-29,-15,LAS,SEA,866,9,12,0,,0,NA,NA,NA,NA,NA
2008,9,17,3,802,720,929,833,AS,65,N784AS,147,133,130,56,42,SEA,KTN,680,3,14,0,,0,0,42,14,0,0
2008,9,17,3,1544,1536,1841,1808,AS,607,N302AS,177,152,129,33,8,LAS,SEA,866,12,36,0,,0,1,0,25,0,7
2008,9,17,3,954,1000,1156,1153,AS,361,N703AS,122,113,94,3,-6,SMF,SEA,605,9,19,0,,0,NA,NA,NA,NA,NA
2008,9,17,3,1847,1825,2136,2144,AS,19,N568AS,349,379,321,-8,22,MCO,SEA,2553,4,24,0,,0,NA,NA,NA,NA,NA
2008,9,17,3,1157,1155,1414,1420,AS,522,N613AS,137,145,122,-6,2,SEA,BUR,937,3,12,0,,0,NA,NA,NA,NA,NA
2008,9,17,3,608,615,830,843,AS,561,N319AS,142,148,119,-13,-7,LAX,PDX,834,4,19,0,,0,NA,NA,NA,NA,NA
2008,9,17,3,642,640,911,913,AS,230,N791AS,149,153,126,-2,2,PDX,SAN,933,3,20,0,,0,NA,NA,NA,NA,NA
2008,9,17,3,1621,1325,1934,1600,AS,129,N597AS,193,155,138,214,176,LAS,SEA,866,7,48,0,,0,176,0,38,0,0
2008,9,17,3,1816,1720,2056,2019,AS,129,N303AS,220,239,203,37,56,SEA,FAI,1533,3,14,0,,0,37,0,0,0,0
2008,9,17,3,742,700,1006,937,AS,617,N306AS,144,157,128,29,42,LAS,SEA,866,6,10,0,,0,29,0,0,0,0
2008,9,17,3,1351,1030,1536,1234,AS,341,N618AS,105,124,93,182,201,OAK,SEA,671,4,8,0,,0,182,0,0,0,0
2008,9,17,3,2027,1830,50,2249,AS,104,N566AS,203,199,182,121,117,ANC,SEA,1449,7,14,0,,0,117,0,4,0,0
2008,9,17,3,2002,2008,2144,2158,AS,67,N793AS,102,110,89,-14,-6,JNU,ANC,571,4,9,0,,0,NA,NA,NA,NA,NA
2008,9,17,3,1750,1755,1936,1940,AS,388,N771AS,106,105,84,-4,-5,PDX,SFO,550,4,18,0,,0,NA,NA,NA,NA,NA
2008,9,17,3,1609,1617,1752,1800,AS,54,N763AS,103,103,94,-8,-8,SCC,ANC,626,4,5,0,,0,NA,NA,NA,NA,NA
2008,9,17,3,2224,2230,49,102,AS,475,N769AS,145,152,131,-13,-6,LAX,SEA,954,2,12,0,,0,NA,NA,NA,NA,NA
2008,9,17,3,933,932,1021,1021,AS,55,N763AS,48,49,40,0,1,SCC,BRW,204,3,5,0,,0,NA,NA,NA,NA,NA
2008,9,17,3,854,840,1709,1635,AS,4,N596AS,315,295,280,34,14,SEA,DCA,2329,4,31,0,,0,14,0,20,0,0
2008,9,17,3,35,30,454,450,AS,108,N318AS,199,200,181,4,5,ANC,SEA,1449,4,14,0,,0,NA,NA,NA,NA,NA
2008,9,17,3,618,630,819,831,AS,351,N586AS,121,121,93,-12,-12,OAK,SEA,671,4,24,0,,0,NA,NA,NA,NA,NA
2008,9,17,3,1108,1106,1301,1259,AS,55,N763AS,113,113,105,2,2,BRW,ANC,725,4,4,0,,0,NA,NA,NA,NA,NA
2008,9,17,3,1036,1045,1300,1319,AS,581,N609AS,144,154,125,-19,-9,SNA,PDX,859,3,16,0,,0,NA,NA,NA,NA,NA
2008,9,17,3,608,620,745,756,AS,68,N776AS,157,156,131,-11,-12,SEA,JNU,909,4,22,0,,0,NA,NA,NA,NA,NA
2008,9,17,3,1326,1330,1606,1620,AS,461,N773AS,160,170,139,-14,-4,LAX,SEA,954,6,15,0,,0,NA,NA,NA,NA,NA
2008,9,17,3,553,600,647,658,AS,55,N763AS,54,58,40,-11,-7,ANC,FAI,261,4,10,0,,0,NA,NA,NA,NA,NA
2008,9,17,3,1200,1205,1319,1322,AS,43,N765AS,79,77,62,-3,-5,ANC,BET,399,4,13,0,,0,NA,NA,NA,NA,NA
2008,9,17,3,1432,1430,1624,1632,AS,345,N559AS,112,122,95,-8,2,OAK,SEA,671,4,13,0,,0,NA,NA,NA,NA,NA
2008,9,17,3,1306,1305,1447,1455,AS,65,N784AS,101,110,88,-8,1,JNU,ANC,571,4,9,0,,0,NA,NA,NA,NA,NA
2008,9,17,3,825,841,1004,1028,AS,401,N622AS,99,107,84,-24,-16,SJC,PDX,569,4,11,0,,0,NA,NA,NA,NA,NA
2008,9,17,3,1503,1500,1727,1739,AS,523,N613AS,144,159,129,-12,3,BUR,SEA,937,4,11,0,,0,NA,NA,NA,NA,NA
2008,9,17,3,2029,2048,2134,2155,AS,46,N763AS,65,67,57,-21,-19,BET,ANC,399,3,5,0,,0,NA,NA,NA,NA,NA
2008,9,17,3,1850,1847,2140,2120,AS,611,N318AS,170,153,129,20,3,LAS,SEA,866,7,34,0,,0,0,0,20,0,0
2008,9,17,3,1522,1530,1756,1809,AS,465,N780AS,154,159,138,-13,-8,LAX,SEA,954,3,13,0,,0,NA,NA,NA,NA,NA
2008,9,17,3,1532,1535,1906,1910,AS,674,N548AS,154,155,130,-4,-3,SEA,DEN,1024,6,18,0,,0,NA,NA,NA,NA,NA
2008,9,17,3,711,720,1012,1058,AS,17,N513AS,361,398,340,-46,-9,MIA,SEA,2724,5,16,0,,0,NA,NA,NA,NA,NA
2008,9,17,3,840,845,1653,1719,AS,12,N512AS,313,334,288,-26,-5,SEA,BOS,2496,12,13,0,,0,NA,NA,NA,NA,NA
2008,9,17,3,718,720,920,907,AS,73,N754AS,122,107,93,13,-2,JNU,ANC,571,4,25,0,,0,NA,NA,NA,NA,NA
2008,9,17,3,1518,1457,1649,1629,AS,152,N788AS,91,92,80,20,21,OTZ,ANC,549,5,6,0,,0,0,0,0,20,0
2008,9,17,3,625,630,900,915,AS,502,N626AS,155,165,133,-15,-5,SEA,SNA,978,7,15,0,,0,NA,NA,NA,NA,NA
2008,9,17,3,1530,1520,1628,1620,AS,188,N754AS,58,60,46,8,10,FAI,ANC,261,4,8,0,,0,NA,NA,NA,NA,NA
2008,9,17,3,1241,1130,1438,1340,AS,303,N586AS,117,130,96,58,71,SFO,SEA,679,7,14,0,,0,0,0,0,0,58
2008,9,17,3,1849,1900,1952,2010,AS,69,N780AS,123,130,103,-18,-11,SEA,KTN,680,4,16,0,,0,NA,NA,NA,NA,NA
2008,9,17,3,1956,2000,2245,2240,AS,513,N586AS,169,160,143,5,-4,SNA,SEA,978,9,17,0,,0,NA,NA,NA,NA,NA
2008,9,17,3,1537,1455,1758,1730,AS,539,N713AS,141,155,130,28,42,ONT,SEA,956,4,7,0,,0,0,0,0,0,28
2008,9,17,3,734,740,1000,1003,AS,580,N609AS,146,143,125,-3,-6,PDX,SNA,859,9,12,0,,0,NA,NA,NA,NA,NA
2008,9,17,3,1054,1056,1313,1318,AS,574,N771AS,139,142,124,-5,-2,PDX,SAN,933,3,12,0,,0,NA,NA,NA,NA,NA
2008,9,17,3,1413,1400,1840,1834,AS,136,N319AS,207,214,188,6,13,ANC,PDX,1542,4,15,0,,0,NA,NA,NA,NA,NA
2008,9,17,3,2252,2300,2353,2359,AS,698,N774AS,61,59,37,-6,-8,SEA,GEG,224,5,19,0,,0,NA,NA,NA,NA,NA
2008,9,17,3,1848,1855,2057,2116,AS,569,N560AS,129,141,111,-19,-7,LAX,PDX,834,6,12,0,,0,NA,NA,NA,NA,NA
2008,9,17,3,1056,1100,1207,1150,AS,690,N783AS,71,50,37,17,-4,SEA,GEG,224,5,29,0,,0,0,0,17,0,0
2008,9,17,3,716,730,957,1020,AS,479,N783AS,161,170,142,-23,-14,LAX,SEA,954,5,14,0,,0,NA,NA,NA,NA,NA
2008,9,17,3,2043,2009,2125,2053,AS,153,N788AS,42,44,31,32,34,OTZ,OME,183,4,7,0,,0,0,0,0,15,17
2008,9,17,3,1802,1800,2043,2050,AS,107,N794AS,221,230,200,-7,2,SEA,ANC,1449,7,14,0,,0,NA,NA,NA,NA,NA
2008,9,17,3,1529,1535,1823,1835,AS,635,N590AS,174,180,153,-12,-6,PHX,SEA,1107,3,18,0,,0,NA,NA,NA,NA,NA
2008,9,17,3,1416,1430,1701,1724,AS,485,N769AS,165,174,144,-23,-14,SAN,SEA,1050,6,15,0,,0,NA,NA,NA,NA,NA
2008,9,17,3,1625,1630,1908,1910,AS,111,N307AS,163,160,143,-2,-5,SAN,SEA,1050,5,15,0,,0,NA,NA,NA,NA,NA
2008,9,17,3,652,700,824,828,AS,301,N786AS,92,88,73,-4,-8,PSP,SFO,421,7,12,0,,0,NA,NA,NA,NA,NA
2008,9,17,3,104,100,526,520,AS,110,N560AS,202,200,179,6,4,ANC,SEA,1449,2,21,0,,0,NA,NA,NA,NA,NA
2008,9,17,3,1733,1735,1948,2003,AS,29,N306AS,255,268,225,-15,-2,ORD,SEA,1721,8,22,0,,0,NA,NA,NA,NA,NA
2008,9,17,3,1818,1820,2111,2148,AS,15,N512AS,353,388,336,-37,-2,BOS,SEA,2496,6,11,0,,0,NA,NA,NA,NA,NA
2008,9,17,3,1820,1825,1916,1922,AS,191,N754AS,56,57,44,-6,-5,ANC,FAI,261,3,9,0,,0,NA,NA,NA,NA,NA
2008,9,17,3,1046,1055,1337,1400,AS,631,N577AS,171,185,153,-23,-9,PHX,SEA,1107,7,11,0,,0,NA,NA,NA,NA,NA
2008,9,17,3,2026,2037,2252,2305,AS,578,N791AS,146,148,128,-13,-11,PDX,SAN,933,2,16,0,,0,NA,NA,NA,NA,NA
2008,9,17,3,658,700,1525,1535,AS,30,N552AS,327,335,298,-10,-2,PDX,BOS,2537,11,18,0,,0,NA,NA,NA,NA,NA
2008,9,17,3,724,730,921,950,AS,665,N649AS,237,260,210,-29,-6,DFW,SEA,1660,9,18,0,,0,NA,NA,NA,NA,NA
2008,9,17,3,1046,1100,1308,1325,AS,625,N614AS,142,145,116,-17,-14,LAS,PDX,762,3,23,0,,0,NA,NA,NA,NA,NA
2008,9,17,3,1322,1330,2159,2215,AS,852,N585AS,337,345,309,-16,-8,HNL,SEA,2677,2,26,0,,0,NA,NA,NA,NA,NA
2008,9,17,3,602,610,815,843,AS,600,N569AS,133,153,115,-28,-8,SEA,LAS,866,6,12,0,,0,NA,NA,NA,NA,NA
2008,9,17,3,1633,1635,1934,2005,AS,31,N552AS,361,390,336,-31,-2,BOS,PDX,2537,4,21,0,,0,NA,NA,NA,NA,NA
2008,9,17,3,653,700,838,852,AS,373,N594AS,105,112,89,-14,-7,SMF,SEA,605,4,12,0,,0,NA,NA,NA,NA,NA
2008,9,17,3,1156,1140,1256,1243,AS,184,N754AS,60,63,44,13,16,FAI,ANC,261,4,12,0,,0,NA,NA,NA,NA,NA
2008,9,17,3,1324,1330,1539,1547,AS,568,N647AS,135,137,114,-8,-6,PDX,LAX,834,6,15,0,,0,NA,NA,NA,NA,NA
2008,9,17,3,1530,1530,1945,1959,AS,96,N584AS,195,209,179,-14,0,ANC,SEA,1449,5,11,0,,0,NA,NA,NA,NA,NA
2008,9,17,3,1051,1040,1634,1635,AS,26,N306AS,223,235,207,-1,11,SEA,ORD,1721,4,12,0,,0,NA,NA,NA,NA,NA
2008,9,17,3,553,600,653,703,AS,697,N624AS,60,63,40,-10,-7,GEG,SEA,224,4,16,0,,0,NA,NA,NA,NA,NA
2008,9,17,3,2136,2140,2255,2257,AS,721,N756AS,79,77,63,-2,-4,LAX,SFO,337,3,13,0,,0,NA,NA,NA,NA,NA
2008,9,17,3,1431,1430,1709,1714,AS,512,N588AS,158,164,134,-5,1,SEA,SNA,978,5,19,0,,0,NA,NA,NA,NA,NA
2008,9,17,3,1121,1125,1404,1405,AS,603,N303AS,163,160,131,-1,-4,LAS,SEA,866,5,27,0,,0,NA,NA,NA,NA,NA
2008,9,17,3,653,700,921,939,AS,452,N607AS,148,159,127,-18,-7,SEA,LAX,954,9,12,0,,0,NA,NA,NA,NA,NA
2008,9,17,3,2204,2138,2335,2303,AS,153,N788AS,91,85,80,32,26,OME,ANC,539,4,7,0,,0,0,0,6,0,26
2008,9,17,3,736,740,1034,1055,AS,11,N590AS,358,375,320,-21,-4,EWR,SEA,2401,10,28,0,,0,NA,NA,NA,NA,NA
2008,9,17,3,1631,1635,1852,1859,AS,567,N760AS,141,144,117,-7,-4,LAX,PDX,834,5,19,0,,0,NA,NA,NA,NA,NA
2008,9,17,3,710,715,952,1012,AS,634,N577AS,162,177,142,-20,-5,SEA,PHX,1107,4,16,0,,0,NA,NA,NA,NA,NA
2008,9,17,3,1857,1900,2135,2146,AS,109,N570AS,218,226,197,-11,-3,SEA,ANC,1449,7,14,0,,0,NA,NA,NA,NA,NA
2008,9,17,3,1911,1930,2130,2210,AS,535,N557AS,139,160,125,-40,-19,ONT,SEA,956,4,10,0,,0,NA,NA,NA,NA,NA
2008,9,17,3,1940,1935,2221,2215,AS,654,N760AS,161,160,133,6,5,PDX,PHX,1009,3,25,0,,0,NA,NA,NA,NA,NA
2008,9,17,3,812,824,857,908,AS,151,N765AS,45,44,33,-11,-12,OTZ,OME,183,3,9,0,,0,NA,NA,NA,NA,NA
2008,9,17,3,1113,1030,1323,1237,AS,310,N779AS,130,127,98,46,43,SEA,SFO,679,9,23,0,,0,0,0,46,0,0
2008,9,17,3,1540,1535,1753,1805,AS,610,N318AS,133,150,115,-12,5,SEA,LAS,866,6,12,0,,0,NA,NA,NA,NA,NA
2008,9,17,3,626,630,931,934,AS,493,N627AS,185,184,152,-3,-4,SAN,SEA,1050,7,26,0,,0,NA,NA,NA,NA,NA
2008,9,17,3,1223,1230,1437,1442,AS,312,N786AS,134,132,100,-5,-7,SEA,SFO,679,6,28,0,,0,NA,NA,NA,NA,NA
2008,9,17,3,2024,2030,2231,2236,AS,332,N785AS,127,126,108,-5,-6,SEA,SJC,697,5,14,0,,0,NA,NA,NA,NA,NA
2008,9,17,3,1429,1430,1854,1850,AS,92,N546AS,205,200,178,4,-1,ANC,SEA,1449,9,18,0,,0,NA,NA,NA,NA,NA
2008,9,17,3,801,800,1024,1040,AS,456,N560AS,143,160,123,-16,1,SEA,LAX,954,8,12,0,,0,NA,NA,NA,NA,NA
2008,9,17,3,2000,2015,2144,2201,AS,363,N625AS,104,106,87,-17,-15,SMF,SEA,605,7,10,0,,0,NA,NA,NA,NA,NA
2008,9,17,3,1846,1855,2141,2200,AS,639,N626AS,175,185,154,-19,-9,PHX,SEA,1107,7,14,0,,0,NA,NA,NA,NA,NA
2008,9,17,3,1258,1300,1528,1542,AS,120,N307AS,150,162,132,-14,-2,SEA,SAN,1050,4,14,0,,0,NA,NA,NA,NA,NA
2008,9,17,3,1809,1815,2051,2059,AS,557,N783AS,162,164,147,-8,-6,PSP,SEA,987,5,10,0,,0,NA,NA,NA,NA,NA
2008,9,17,3,626,630,830,843,AS,333,N778AS,124,133,105,-13,-4,SJC,SEA,697,5,14,0,,0,NA,NA,NA,NA,NA
2008,9,17,3,1121,1115,1359,1359,AS,543,N775AS,158,164,143,0,6,LGB,SEA,965,5,10,0,,0,NA,NA,NA,NA,NA
2008,9,17,3,1455,1500,1553,1600,AS,49,N799AS,58,60,48,-7,-5,ANC,ADQ,252,2,8,0,,0,NA,NA,NA,NA,NA
2008,9,17,3,1359,1400,1604,1609,AS,328,N649AS,125,129,100,-5,-1,SEA,SJC,697,5,20,0,,0,NA,NA,NA,NA,NA
2008,9,17,3,936,905,1039,1014,AS,42,N768AS,63,69,55,25,31,BET,ANC,399,4,4,0,,0,0,0,0,0,25
2008,9,17,3,834,836,925,915,AS,68,N776AS,51,39,34,10,-2,JNU,SIT,95,4,13,0,,0,NA,NA,NA,NA,NA
2008,9,17,3,1338,1340,1442,1439,AS,187,N754AS,64,59,46,3,-2,ANC,FAI,261,2,16,0,,0,NA,NA,NA,NA,NA
2008,9,17,3,1507,1500,1643,1627,AS,385,N706AS,96,87,68,16,7,PSP,SFO,421,7,21,0,,0,0,0,9,0,7
2008,9,17,3,1058,1037,1114,1102,AS,65,N784AS,16,25,8,12,21,WRG,PSG,31,6,2,0,,0,NA,NA,NA,NA,NA
2008,9,17,3,659,700,941,943,AS,650,N708AS,162,163,137,-2,-1,PDX,PHX,1009,4,21,0,,0,NA,NA,NA,NA,NA
2008,9,17,3,1051,1100,1228,1244,AS,681,N647AS,157,164,128,-16,-9,DEN,PDX,992,8,21,0,,0,NA,NA,NA,NA,NA
2008,9,17,3,956,1000,1154,1213,AS,324,N594AS,118,133,100,-19,-4,SEA,SJC,697,6,12,0,,0,NA,NA,NA,NA,NA
2008,9,17,3,832,830,1414,1430,AS,20,N317AS,222,240,201,-16,2,SEA,ORD,1721,7,14,0,,0,NA,NA,NA,NA,NA
2008,9,17,3,1156,1200,1303,1248,AS,692,N513AS,67,48,38,15,-4,SEA,GEG,224,6,23,0,,0,0,0,15,0,0
2008,9,17,3,1055,1100,1333,1340,AS,91,N546AS,218,220,195,-7,-5,SEA,ANC,1449,5,18,0,,0,NA,NA,NA,NA,NA
2008,9,17,3,1828,1830,2035,2045,AS,624,N648AS,127,135,106,-10,-2,PDX,LAS,762,8,13,0,,0,NA,NA,NA,NA,NA
2008,9,17,3,836,835,949,937,AS,182,N799AS,73,62,47,12,1,FAI,ANC,261,5,21,0,,0,NA,NA,NA,NA,NA
2008,9,17,3,1454,1500,1650,1705,AS,327,N625AS,116,125,99,-15,-6,SJC,SEA,697,3,14,0,,0,NA,NA,NA,NA,NA
2008,9,17,3,1824,1830,2056,2111,AS,516,N613AS,152,161,135,-15,-6,SEA,SNA,978,5,12,0,,0,NA,NA,NA,NA,NA
2008,9,17,3,1727,1730,2141,2146,AS,100,N581AS,194,196,179,-5,-3,ANC,SEA,1449,6,9,0,,0,NA,NA,NA,NA,NA
2008,9,17,3,754,802,900,855,AS,48,N788AS,66,53,48,5,-8,ADQ,ANC,252,4,14,0,,0,NA,NA,NA,NA,NA
2008,9,17,3,623,630,913,910,AS,477,N597AS,170,160,137,3,-7,LAX,SEA,954,10,23,0,,0,NA,NA,NA,NA,NA
2008,9,17,3,1249,1250,1440,1441,AS,375,N793AS,111,111,93,-1,-1,SMF,SEA,605,5,13,0,,0,NA,NA,NA,NA,NA
2008,9,17,3,1014,1015,1257,1306,AS,135,N319AS,223,231,208,-9,-1,PDX,ANC,1542,3,12,0,,0,NA,NA,NA,NA,NA
2008,9,17,3,1944,1955,2144,2205,AS,331,N773AS,120,130,104,-21,-11,SJC,SEA,697,4,12,0,,0,NA,NA,NA,NA,NA
2008,9,17,3,1553,1600,1829,1844,AS,507,N644AS,156,164,144,-15,-7,SNA,SEA,978,5,7,0,,0,NA,NA,NA,NA,NA
2008,9,17,3,553,600,749,809,AS,320,N553AS,116,129,100,-20,-7,SEA,SJC,697,2,14,0,,0,NA,NA,NA,NA,NA
2008,9,17,3,1814,1815,1942,1957,AS,685,N609AS,148,162,132,-15,-1,DEN,PDX,992,5,11,0,,0,NA,NA,NA,NA,NA
2008,9,17,3,1106,1110,1209,1207,AS,185,N799AS,63,57,47,2,-4,ANC,FAI,261,3,13,0,,0,NA,NA,NA,NA,NA
2008,9,17,3,1916,1920,2310,2313,AS,131,N564AS,414,413,385,-3,-4,ORD,ANC,2846,5,24,0,,0,NA,NA,NA,NA,NA
2008,9,17,3,933,930,1347,1350,AS,82,N318AS,194,200,175,-3,3,ANC,SEA,1449,7,12,0,,0,NA,NA,NA,NA,NA
2008,9,17,3,1401,1330,1610,1533,AS,305,N779AS,129,123,97,37,31,SFO,SEA,679,7,25,0,,0,0,0,6,0,31
2008,9,17,3,1545,1555,1720,1743,AS,403,N648AS,95,108,81,-23,-10,SJC,PDX,569,4,10,0,,0,NA,NA,NA,NA,NA
2008,9,17,3,821,825,1113,1140,AS,857,N587AS,352,375,335,-27,-4,SEA,OGG,2640,6,11,0,,0,NA,NA,NA,NA,NA
2008,9,17,3,1402,1400,1630,1640,AS,468,N795AS,148,160,127,-10,2,SEA,LAX,954,6,15,0,,0,NA,NA,NA,NA,NA
2008,9,17,3,1353,1355,2145,2154,AS,2,N569AS,292,299,275,-9,-2,SEA,DCA,2329,4,13,0,,0,NA,NA,NA,NA,NA
2008,9,17,3,1855,1900,2124,2143,AS,478,N769AS,149,163,128,-19,-5,SEA,LAX,954,8,13,0,,0,NA,NA,NA,NA,NA
2008,9,17,3,1427,1430,1623,1640,AS,661,N563AS,236,250,213,-17,-3,DFW,SEA,1660,5,18,0,,0,NA,NA,NA,NA,NA
2008,9,17,3,1957,2000,2134,2140,AS,70,N799AS,97,100,80,-6,-3,ANC,JNU,571,3,14,0,,0,NA,NA,NA,NA,NA
2008,9,17,3,736,740,1328,1328,AS,660,N563AS,232,228,207,0,-4,SEA,DFW,1660,10,15,0,,0,NA,NA,NA,NA,NA
2008,9,17,3,1624,1630,1904,1852,AS,588,N612AS,160,142,128,12,-6,PDX,SNA,859,5,27,0,,0,NA,NA,NA,NA,NA
2008,9,17,3,942,953,1105,1120,AS,151,N765AS,83,87,75,-15,-11,OME,ANC,539,3,5,0,,0,NA,NA,NA,NA,NA
2008,9,17,3,1059,1105,1315,1324,AS,252,N756AS,136,139,113,-9,-6,PDX,LAX,834,9,14,0,,0,NA,NA,NA,NA,NA
2008,9,17,3,702,700,946,1004,AS,515,N625AS,164,184,145,-18,2,SNA,SEA,978,3,16,0,,0,NA,NA,NA,NA,NA
2008,9,17,3,1156,1200,1426,1442,AS,464,N780AS,150,162,127,-16,-4,SEA,LAX,954,7,16,0,,0,NA,NA,NA,NA,NA
2008,9,17,3,1023,1020,1215,1207,AS,362,N793AS,112,107,80,8,3,SEA,SMF,605,4,28,0,,0,NA,NA,NA,NA,NA
2008,9,17,3,NA,1230,NA,1425,AS,343,N778AS,NA,115,NA,NA,NA,OAK,SEA,671,NA,NA,1,A,0,NA,NA,NA,NA,NA
2008,9,17,3,1931,1930,2024,2042,AS,695,N563AS,53,72,38,-18,1,GEG,SEA,224,3,12,0,,0,NA,NA,NA,NA,NA
2008,9,17,3,1528,1525,1644,1624,AS,189,N556AS,76,59,58,20,3,ANC,FAI,261,3,15,0,,0,0,0,20,0,0
2008,9,17,3,1455,1455,1745,1746,AS,638,N626AS,170,171,140,-1,0,SEA,PHX,1107,8,22,0,,0,NA,NA,NA,NA,NA
2008,9,17,3,56,50,528,525,AS,30,N552AS,212,215,198,3,6,ANC,PDX,1542,4,10,0,,0,NA,NA,NA,NA,NA
2008,9,17,3,1830,1830,2015,2032,AS,349,N624AS,105,122,92,-17,0,OAK,SEA,671,4,9,0,,0,NA,NA,NA,NA,NA
2008,9,17,3,638,650,915,935,AS,573,N771AS,157,165,138,-20,-12,SAN,PDX,933,3,16,0,,0,NA,NA,NA,NA,NA
2008,9,17,3,1251,1255,1352,1400,AS,186,N799AS,61,65,46,-8,-4,FAI,ANC,261,3,12,0,,0,NA,NA,NA,NA,NA
2008,9,17,3,1115,1110,1244,1245,AS,152,N788AS,89,95,73,-1,5,ANC,OME,539,6,10,0,,0,NA,NA,NA,NA,NA
2008,9,17,3,1607,1600,1836,1842,AS,472,N797AS,149,162,132,-6,7,SEA,LAX,954,4,13,0,,0,NA,NA,NA,NA,NA
2008,9,17,3,1007,1015,1244,1243,AS,604,N597AS,157,148,119,1,-8,SEA,LAS,866,7,31,0,,0,NA,NA,NA,NA,NA
2008,9,17,3,754,800,1031,1040,AS,83,N323AS,217,220,197,-9,-6,SEA,ANC,1449,4,16,0,,0,NA,NA,NA,NA,NA
2008,9,17,3,959,1000,1241,1250,AS,501,N626AS,162,170,146,-9,-1,SNA,SEA,978,8,8,0,,0,NA,NA,NA,NA,NA
2008,9,17,3,628,630,918,935,AS,641,N579AS,170,185,149,-17,-2,PHX,SEA,1107,8,13,0,,0,NA,NA,NA,NA,NA
2008,9,17,3,1311,1315,1536,1538,AS,621,N612AS,145,143,109,-2,-4,LAS,PDX,762,4,32,0,,0,NA,NA,NA,NA,NA
2008,9,17,3,756,800,1022,1040,AS,527,N562AS,146,160,131,-18,-4,BUR,SEA,937,6,9,0,,0,NA,NA,NA,NA,NA
2008,9,17,3,1549,1555,1734,1741,AS,367,N703AS,105,106,90,-7,-6,SMF,SEA,605,6,9,0,,0,NA,NA,NA,NA,NA
2008,9,17,3,824,830,1106,1113,AS,451,N780AS,162,163,139,-7,-6,LAX,SEA,954,11,12,0,,0,NA,NA,NA,NA,NA
2008,9,17,3,1453,1500,1734,1748,AS,482,N617AS,161,168,137,-14,-7,SEA,SAN,1050,3,21,0,,0,NA,NA,NA,NA,NA
2008,9,17,3,1756,1800,2025,2039,AS,476,N786AS,149,159,128,-14,-4,SEA,LAX,954,6,15,0,,0,NA,NA,NA,NA,NA
2008,9,17,3,1731,1730,1928,1939,AS,311,N776AS,117,129,98,-11,1,SFO,SEA,679,5,14,0,,0,NA,NA,NA,NA,NA
2008,9,17,3,1724,1730,1941,1955,AS,612,N323AS,137,145,114,-14,-6,SEA,LAS,866,8,15,0,,0,NA,NA,NA,NA,NA
2008,9,17,3,1725,1730,1956,2010,AS,469,N795AS,151,160,138,-14,-5,LAX,SEA,954,4,9,0,,0,NA,NA,NA,NA,NA
2008,9,17,3,959,1000,1109,1057,AS,73,N754AS,70,57,46,12,-1,ANC,FAI,261,2,22,0,,0,NA,NA,NA,NA,NA
2008,9,17,3,652,650,908,917,AS,244,N592AS,136,147,117,-9,2,PDX,LAX,834,5,14,0,,0,NA,NA,NA,NA,NA
2008,9,17,3,1322,1330,1501,1513,AS,368,N703AS,99,103,83,-12,-8,SEA,SMF,605,3,13,0,,0,NA,NA,NA,NA,NA
2008,9,17,3,1956,2000,2230,2247,AS,111,N307AS,214,227,198,-17,-4,SEA,ANC,1449,5,11,0,,0,NA,NA,NA,NA,NA
2008,9,17,3,2056,2100,2203,2200,AS,696,N649AS,67,60,38,3,-4,SEA,GEG,224,6,23,0,,0,NA,NA,NA,NA,NA
2008,9,17,3,2051,2100,2334,2345,AS,115,N584AS,223,225,198,-11,-9,SEA,ANC,1449,5,20,0,,0,NA,NA,NA,NA,NA
2008,9,17,3,722,725,903,911,AS,366,N703AS,101,106,83,-8,-3,SEA,SMF,605,3,15,0,,0,NA,NA,NA,NA,NA
2008,9,17,3,116,125,541,557,AS,128,N317AS,205,212,193,-16,-9,FAI,SEA,1533,3,9,0,,0,NA,NA,NA,NA,NA
2008,9,17,3,1038,1015,1239,1230,AS,620,N612AS,121,135,105,9,23,PDX,LAS,762,6,10,0,,0,NA,NA,NA,NA,NA
2008,9,17,3,956,955,1320,1310,AS,68,N776AS,144,135,117,10,1,SIT,SEA,862,8,19,0,,0,NA,NA,NA,NA,NA
2008,9,17,3,1653,1700,1905,1909,AS,330,N773AS,132,129,104,-4,-7,SEA,SJC,697,5,23,0,,0,NA,NA,NA,NA,NA
2008,9,17,3,1334,1330,1420,1412,AS,152,N788AS,46,42,34,8,4,OME,OTZ,183,6,6,0,,0,NA,NA,NA,NA,NA
2008,9,17,3,845,840,1123,1200,AS,9,N566AS,338,380,322,-37,5,MCO,SEA,2553,6,10,0,,0,NA,NA,NA,NA,NA
2008,9,17,3,1932,1930,2343,2340,AS,102,N556AS,191,190,174,3,2,ANC,SEA,1449,5,12,0,,0,NA,NA,NA,NA,NA
2008,9,17,3,1808,1820,2122,2138,AS,7,N305AS,374,378,308,-16,-12,EWR,SEA,2401,8,58,0,,0,NA,NA,NA,NA,NA
2008,9,17,3,959,1005,1057,1101,AS,61,N762AS,58,56,46,-4,-6,JNU,YAK,199,2,10,0,,0,NA,NA,NA,NA,NA
2008,9,17,3,1547,1545,1639,1638,AS,66,N762AS,52,53,35,1,2,ANC,CDV,160,3,14,0,,0,NA,NA,NA,NA,NA
2008,9,17,3,855,830,1146,1115,AS,504,N624AS,171,165,137,31,25,SEA,SNA,978,8,26,0,,0,25,0,6,0,0
2008,9,17,3,1714,1711,1800,1804,AS,67,N793AS,46,53,34,-4,3,KTN,SIT,183,4,8,0,,0,NA,NA,NA,NA,NA
2008,9,17,3,1839,1844,1913,1923,AS,67,N793AS,34,39,22,-10,-5,SIT,JNU,95,3,9,0,,0,NA,NA,NA,NA,NA
2008,9,17,3,1531,1521,1629,1631,AS,67,N793AS,118,130,100,-2,10,SEA,KTN,680,3,15,0,,0,NA,NA,NA,NA,NA
2008,9,17,3,751,730,957,937,AS,340,N618AS,126,127,100,20,21,SEA,OAK,671,11,15,0,,0,20,0,0,0,0
2008,9,17,3,747,735,1112,1100,AS,72,N796AS,145,145,122,12,12,JNU,SEA,909,13,10,0,,0,NA,NA,NA,NA,NA
2008,9,17,3,1022,1030,1306,1329,AS,481,N617AS,164,179,143,-23,-8,SAN,SEA,1050,8,13,0,,0,NA,NA,NA,NA,NA
2008,9,17,3,1133,1130,1409,1413,AS,93,N556AS,216,223,196,-4,3,SEA,ANC,1449,4,16,0,,0,NA,NA,NA,NA,NA
2008,9,17,3,1255,1300,1525,1542,AS,466,N760AS,150,162,132,-17,-5,SEA,LAX,954,5,13,0,,0,NA,NA,NA,NA,NA
2008,9,17,3,1715,1710,1854,1902,AS,673,N593AS,159,172,138,-8,5,DEN,SEA,1024,4,17,0,,0,NA,NA,NA,NA,NA
2008,9,17,3,1302,1304,2058,2059,AS,6,N565AS,296,295,275,-1,-2,LAX,DCA,2311,4,17,0,,0,NA,NA,NA,NA,NA
2008,9,17,3,1116,1130,1335,1350,AS,586,N622AS,139,140,119,-15,-14,PDX,SNA,859,12,8,0,,0,NA,NA,NA,NA,NA
2008,9,17,3,1554,1600,1837,1847,AS,103,N506AS,223,227,201,-10,-6,SEA,ANC,1449,6,16,0,,0,NA,NA,NA,NA,NA
2008,9,17,3,1814,1750,1946,1924,AS,153,N788AS,92,94,80,22,24,ANC,OTZ,549,5,7,0,,0,22,0,0,0,0
2008,9,17,3,1637,1630,1830,1837,AS,316,N594AS,113,127,99,-7,7,SEA,SFO,679,5,9,0,,0,NA,NA,NA,NA,NA
2008,9,17,3,752,738,856,847,AS,55,N763AS,64,69,55,9,14,FAI,SCC,373,3,6,0,,0,NA,NA,NA,NA,NA
2008,9,17,3,1339,1330,1750,1750,AS,88,N320AS,191,200,173,0,9,ANC,SEA,1449,4,14,0,,0,NA,NA,NA,NA,NA
2008,9,17,3,1653,1645,1740,1739,AS,40,N799AS,47,54,38,1,8,ADQ,ANC,252,4,5,0,,0,NA,NA,NA,NA,NA
2008,9,17,3,714,715,1019,1005,AS,655,N756AS,185,170,143,14,-1,PHX,PDX,1009,11,31,0,,0,NA,NA,NA,NA,NA
2008,9,17,3,1145,1150,1738,1748,AS,662,N562AS,233,238,209,-10,-5,SEA,DFW,1660,11,13,0,,0,NA,NA,NA,NA,NA
2008,9,17,3,1845,1848,2046,2116,AS,663,N562AS,241,268,220,-30,-3,DFW,SEA,1660,8,13,0,,0,NA,NA,NA,NA,NA
2008,9,17,3,628,630,826,842,AS,220,N589AS,118,132,100,-16,-2,SEA,SFO,679,5,13,0,,0,NA,NA,NA,NA,NA
2008,9,17,3,1218,1230,1500,1520,AS,483,N557AS,162,170,141,-20,-12,SAN,SEA,1050,9,12,0,,0,NA,NA,NA,NA,NA
2008,9,17,3,1624,1630,1911,1918,AS,514,N586AS,167,168,140,-7,-6,SEA,SNA,978,9,18,0,,0,NA,NA,NA,NA,NA
2008,9,17,3,1919,1930,2112,2135,AS,225,N594AS,113,125,93,-23,-11,SFO,SEA,679,6,14,0,,0,NA,NA,NA,NA,NA
2008,9,17,3,1423,1430,1657,1649,AS,583,N622AS,154,139,125,8,-7,SNA,PDX,859,7,22,0,,0,NA,NA,NA,NA,NA
2008,9,17,3,820,825,1117,1150,AS,25,N593AS,357,385,337,-33,-5,BOS,SEA,2496,6,14,0,,0,NA,NA,NA,NA,NA
2008,9,17,3,1811,1815,2141,2150,AS,678,N579AS,150,155,130,-9,-4,SEA,DEN,1024,7,13,0,,0,NA,NA,NA,NA,NA
2008,9,17,3,1839,1850,2110,2124,AS,525,N513AS,151,154,133,-14,-11,BUR,SEA,937,6,12,0,,0,NA,NA,NA,NA,NA
2008,9,17,3,1406,1407,1512,1515,AS,44,N765AS,66,68,54,-3,-1,BET,ANC,399,3,9,0,,0,NA,NA,NA,NA,NA
2008,9,17,3,1729,1735,1927,1925,AS,404,N622AS,118,110,88,2,-6,PDX,SJC,569,7,23,0,,0,NA,NA,NA,NA,NA
2008,9,17,3,1037,1030,1306,1308,AS,455,N795AS,149,158,133,-2,7,LAX,SEA,954,5,11,0,,0,NA,NA,NA,NA,NA
2008,9,17,3,1708,1718,1754,1805,AS,66,N762AS,46,47,34,-11,-10,CDV,YAK,213,7,5,0,,0,NA,NA,NA,NA,NA
2008,9,17,3,729,730,1144,1200,AS,120,N307AS,195,210,177,-16,-1,ANC,SEA,1449,3,15,0,,0,NA,NA,NA,NA,NA
2008,9,17,3,1001,1000,1243,1240,AS,87,N320AS,222,220,195,3,1,SEA,ANC,1449,6,21,0,,0,NA,NA,NA,NA,NA
2008,9,17,3,1221,1225,1822,1820,AS,22,N564AS,241,235,211,2,-4,SEA,ORD,1721,5,25,0,,0,NA,NA,NA,NA,NA
2008,9,17,3,739,740,1029,1042,AS,648,N548AS,170,182,151,-13,-1,SEA,TUS,1216,3,16,0,,0,NA,NA,NA,NA,NA
2008,9,17,3,1834,1830,2035,2042,AS,318,N703AS,121,132,100,-7,4,SEA,SFO,679,8,13,0,,0,NA,NA,NA,NA,NA
2008,9,17,3,840,845,1646,1720,AS,8,N305AS,306,335,280,-34,-5,SEA,EWR,2401,6,20,0,,0,NA,NA,NA,NA,NA

